image_name,xmin_pred,ymin_pred,xmax_pred,ymax_pred,confidence,label_pred,xmin_gt,ymin_gt,xmax_gt,ymax_gt,label_gt
6d38a003-fd7d-49fc-aee0-148f7821e3a5_jpg.rf.2ec447fae1c72c81165876701b1c99d9.jpg,144.83985900878906,1500.19287109375,1531.6444091796875,2436.59375,0.9059856534004211,1,156.565,1530.005,1529.475,2409.215,1
aegf_20230729_134356_jpg.rf.8284aac62d64697455dc946471150d76.jpg,1104.528076171875,1117.743896484375,1725.71826171875,1771.366943359375,0.9449876546859741,0,1115.5449999999996,1113.21,1729.655,1759.23,0
aegm_20230729_0000643_JPG.rf.38ba5c42629f9cf5497754cda2b4a9ec.jpg,1652.19775390625,411.90045166015625,4878.06494140625,2918.8681640625,0.9057031273841858,0,1635.4349999999997,490.3949999999998,4893.005,2925.005,0
aegm_20230729_0000642_JPG.rf.d0760c397f4308ed3bf0c3742dab8f94.jpg,2245.49560546875,434.2319030761719,5632.74951171875,3057.0107421875,0.9299651980400085,0,2226.695,475.20499999999976,5591.0650000000005,3105.1549999999997,0
bf7ab770-f77e-4f2b-9ba3-adec94bb6958_jpg.rf.77c22f686d0cb2bbd13eb8d782f1181f.jpg,914.8781127929688,2544.205322265625,1415.0640869140625,2936.0537109375,0.7036441564559937,1,940.9850000000001,2533.655,1424.0149999999999,3252.3650000000002,2
korf_20230928_134509_jpg.rf.49e602be5fcc17bc538f3d450ef38a07.jpg,204.29754638671875,1088.276611328125,969.47705078125,2431.145751953125,0.9119575023651123,2,203.5999999999999,1093.9450000000002,993.9999999999999,2424.995,2
japm__0000348_JPG.rf.d0d6fe583911c5ec9f7d01ddbe651226.jpg,1358.151123046875,878.569091796875,5781.8798828125,3454.271728515625,0.9216090440750122,1,1417.9899999999996,861.0,5810.530000000001,3469.3,1
7b41b62d-6c17-4ef7-848c-73bba85cbd64_jpg.rf.bbfad6c7439735a30a80cc5fbef41f5e.jpg,879.0849609375,371.3838195800781,1130.0557861328125,656.0069580078125,0.7668615579605103,1,887.52,384.4150000000001,1125.2800000000002,651.225,2
a7acb111-651a-48ce-87d4-0966834b5e1d_jpeg.rf.9a6cd434594dd61ab665ff101d986e39.jpg,875.2346801757812,1780.6961669921875,2223.405029296875,2905.36767578125,0.9100773334503174,1,881.59,1773.975,2217.41,2907.485,1
japm_20230607_130507_jpg.rf.1a7993118a8f4fbd2045504a67dbe1fe.jpg,1783.715087890625,491.48443603515625,3409.732421875,2280.327880859375,0.9557401537895203,1,1787.7299999999998,536.3999999999997,3399.1699999999996,2268.7799999999997,1
japf__0000287_JPG.rf.e125d41a1146a5e8b69dc621f9f77845.jpg,190.9538116455078,1674.2198486328125,3407.933837890625,4449.87060546875,0.8946591019630432,1,0.0,1087.4899999999998,3428.04,4514.63,1
aegm_20230729_0000682_JPG.rf.ca14db59e2ccf07aebf8412805560057.jpg,903.1240844726562,313.90667724609375,4733.21728515625,3502.654296875,0.8874082565307617,0,952.2950000000004,362.8400000000001,4815.705,3525.4,0
76c22631-3060-42aa-a7e0-fe4a6b44eba5_jpg.rf.55235174c969fcc969fc7b676e3cf93f.jpg,841.2308349609375,782.408935546875,3044.395263671875,2771.604736328125,0.914663553237915,1,845.1300000000001,784.2650000000003,3037.09,2745.495,1
japf_20230610_194145_jpg.rf.90a525c7de98a4f22f61ca96c751f0d6.jpg,713.4014282226562,2101.652099609375,1592.6441650390625,2647.7509765625,0.8906080722808838,1,806.79,2087.6200000000003,1591.7899999999997,2629.5200000000004,1
aegm_20230729_0000668_JPG.rf.77317aae0e59a58c63e6d01a995fd2a9.jpg,2410.849365234375,989.0520629882812,5342.65478515625,3745.88232421875,0.9279889464378357,0,2404.9400000000005,1014.69,5342.180000000001,3770.81,0
japf_20230605_223608_jpg.rf.601fce5d7ac9b0454dfc6a5ff31804c0.jpg,1578.470947265625,327.8538818359375,2428.253662109375,1390.38427734375,0.9382460117340088,1,1575.61,315.99000000000007,2433.99,1416.9899999999998,1
aegf_20230729_0000630_JPG.rf.1a1755e505744d5e8b2037fbfa587e25.jpg,1797.140869140625,2127.044189453125,4009.396484375,4140.9609375,0.9084199666976929,0,1875.375,2127.0399999999995,3901.005,4160.0,0
japf__0000278_JPG.rf.39a56e11401da64ddbcab55dcdf3f496.jpg,761.0064086914062,1660.839599609375,4083.170166015625,5303.380859375,0.9030297994613647,1,803.9899999999997,1313.3250000000003,4077.3100000000004,5307.755000000001,1
aegm_20230729_0000714_JPG.rf.bd815644f04d7102eb44f256d39e20d5.jpg,1652.7120361328125,1262.0050048828125,3479.312255859375,2802.184814453125,0.9137002229690552,0,1674.67,1151.98,3493.6700000000005,2831.98,0
japf_20230610_194144_jpg.rf.cf254a79472b9590e30283e592ffe29a.jpg,701.2147216796875,1619.6051025390625,1742.2447509765625,2238.498779296875,0.8465012311935425,1,734.27,1686.8500000000001,1745.2700000000002,2236.4500000000003,1
6f51fd78-ffb1-4d0f-8374-48f06eb1ff0d_jpg.rf.fcc4bba54b52508bddecfbc2d8dbc104.jpg,772.8862915039062,1327.9573974609375,1242.769287109375,1661.346435546875,0.9216006398200989,1,750.59,1317.1,1231.33,1670.02,1
9137483c-d81b-4eca-ab20-3bf545e5855e_jpg.rf.574c6ed54d774f54453b0c0211072474.jpg,1114.416259765625,1507.8160400390625,1671.4271240234375,2284.651611328125,0.901596188545227,2,1105.66,1465.665,1674.68,2326.995,2
japf__0000337_JPG.rf.6ab5cc55830e5046b8e9a8acfa9ac13d.jpg,244.0802764892578,0.0,6240.0,3291.451171875,0.8980246186256409,1,360.9999999999998,0.0,6238.0,3180.0,1
korf_20230917_0001025_jpg.rf.eee9380f37592953590b4044a3e1dfb3.jpg,1505.8692626953125,523.1463012695312,2889.593505859375,2052.318603515625,0.9404110908508301,2,1523.6949999999997,531.5550000000002,2869.625,2071.205,2
d6c09484-0ed4-4f95-9636-bfb7ab55596a_jpg.rf.b196b7f20b93653c4d411312e4322376.jpg,310.025146484375,415.8952331542969,1208.3114013671875,875.4541015625,0.7187185287475586,1,310.78499999999985,417.75,1154.995,881.15,1
979be2ea-9998-48a9-9b82-8922db684867_jpg.rf.57f7f7ea81c7c66e9b0abebcb19d0abf.jpg,213.894775390625,663.486572265625,884.9398803710938,965.4911499023438,0.7640669941902161,1,187.45000000000005,650.4549999999999,882.53,999.5849999999999,2
japm__0000211_JPG.rf.3304d66d0d7be78a871c011a50d964f2.jpg,578.6652221679688,687.9152221679688,5060.923828125,4160.0,0.7687848210334778,1,610.4399999999994,816.5400000000001,4592.8,4160.0,1
japm__0000211_JPG.rf.3304d66d0d7be78a871c011a50d964f2.jpg,718.114990234375,709.926513671875,5070.0703125,4160.0,0.4277987778186798,0,610.4399999999994,816.5400000000001,4592.8,4160.0,1
7e90422a-0a1e-4ebd-9ca7-06f3ac110310_jpeg.rf.7d0bd77202b9927bbf08059073133c7d.jpg,82.81549072265625,1469.9678955078125,1511.2962646484375,2536.178955078125,0.9012179374694824,1,105.59499999999991,1552.92,1532.105,2547.1199999999994,1
8e56737b-d51d-41f4-8f26-82dad75d0ff1_jpg.rf.03909145c648eac5d231888aa7be6ee5.jpg,518.208740234375,465.43231201171875,704.1369018554688,633.4420776367188,0.8539139628410339,2,516.0699999999999,501.6400000000001,701.0099999999999,632.28,1
aegf_20230729_0000569_JPG.rf.b7db9e5f840e1f33f5d7ad6c927b4271.jpg,2428.764892578125,554.4442138671875,4782.89306640625,2552.795654296875,0.8501335978507996,0,2295.4300000000007,544.3249999999998,4789.99,2720.775,0
korf_20230917_0000856_jpg.rf.e3e820d4b1004356269f104f8b955d7b.jpg,267.8919982910156,601.182373046875,2966.27197265625,1881.2996826171875,0.9003961086273193,2,286.8800000000001,626.335,2968.96,1885.045,2
c10be8d9-e225-4b4b-bfea-22c345efdbbf_jpg.rf.8697545ada652b26e48c38876abf0201.jpg,1914.202880859375,1282.015380859375,3213.200927734375,2157.40625,0.938994824886322,1,1910.01,1285.4149999999997,3192.23,2146.0049999999997,2
6c78d77e-94a2-44f8-bcba-88c5cf22b5c8_jpg.rf.8bc852718fba857756ea43c2648b9855.jpg,618.0484008789062,2517.711181640625,3000.29833984375,3631.448974609375,0.5628315210342407,1,577.7949999999998,2508.4100000000003,3017.5249999999996,3928.69,1
korf_20230917_0000868_jpg.rf.5991059ef9f4009c68273ebbd6f6de46.jpg,1287.8406982421875,405.791015625,3364.67431640625,1942.8302001953125,0.9469871520996094,2,1249.875,411.4299999999998,3360.3450000000003,1936.1700000000003,2
aegf_20230729_131215_jpg.rf.d280d7cc32df83848c2b4e69cdbaf4e4.jpg,799.85888671875,1603.5030517578125,1301.336669921875,2189.85107421875,0.930850088596344,0,808.7750000000001,1599.32,1302.065,2115.2799999999997,0
aa4764ee-2950-4d3f-b05c-540f1b7e3325_jpeg.rf.960e392256414a9020beba04c94f9834.jpg,211.00625610351562,308.51580810546875,2487.181640625,2753.304931640625,0.8945417404174805,2,170.6799999999999,222.10000000000045,2525.96,2767.66,2
korm_20230928_134314_jpg.rf.e2166000265fd34ad7f5700f84563920.jpg,1663.09228515625,1198.8140869140625,2229.053955078125,1743.0738525390625,0.8935373425483704,2,1660.2150000000001,1207.085,2232.605,1754.835,2
aegm_20230729_141223_jpg.rf.9bfeb5e651d7be392969f298ceef97ab.jpg,865.7428588867188,1633.580810546875,1454.07861328125,2152.0869140625,0.9253386855125427,0,865.4250000000001,1624.94,1453.455,2153.94,0
2023bc46-bd0f-4bb3-a91c-17290991099f_jpg.rf.f22fa0085542bb2931db1fbf51714d95.jpg,399.3727722167969,2285.106201171875,1264.691162109375,3135.607421875,0.9253444075584412,1,401.0,2309.0,1274.9999999999998,3123.9999999999995,1
korm_20230928_134116_jpg.rf.0508108f25f3d4601ae438eb33ae5ca8.jpg,678.0529174804688,1822.9285888671875,1711.236572265625,2468.6796875,0.9184091687202454,2,695.4849999999999,1815.2849999999999,1700.135,2368.0150000000003,2
japf__0000377_JPG.rf.fe9943b62731e211c1a9d15723079fb1.jpg,1298.67578125,71.26057434082031,4343.78369140625,3533.6787109375,0.9218453168869019,1,1036.3900000000003,71.87499999999994,4224.41,3569.0850000000005,1
268f94c3-9a4f-46d1-b815-c06effb247ee_jpg.rf.e9b06ef47c3ee00a7d932fd645f29df5.jpg,772.000244140625,579.5460205078125,1419.1312255859375,1359.6474609375,0.9431236982345581,1,772.9999999999999,576.665,1433.0,1366.675,2
d260270a-5da5-42da-ac3b-2605abe312c9_jpg.rf.4e49f47328ae68c07a428b234d7b034c.jpg,837.6204223632812,474.0293884277344,1107.9503173828125,702.7315063476562,0.8928101658821106,1,839.0000000000001,472.46500000000003,1105.0,704.995,1
4b1134d0-d67f-48f1-85be-3b987d593714_jpg.rf.1449ce46906d477290f41d7a571e9ad0.jpg,825.9290161132812,1800.5677490234375,1397.0211181640625,2362.645751953125,0.7850210666656494,1,612.9200000000001,1891.9349999999997,1398.04,2370.065,1
41abafe4-13e9-4109-b095-29d8a48a3c2d_jpeg.rf.b9335075f0f4bd8b252bc998c8e4c791.jpg,328.09857177734375,459.2466735839844,680.8885498046875,904.1873168945312,0.9293290376663208,1,312.99999999999994,451.0,687.9999999999999,927.9999999999999,1
aegf_20230729_0000525_JPG.rf.73bc03e31e95625c5080eb2d7f00d626.jpg,3473.36376953125,669.9673461914062,5476.083984375,2529.86376953125,0.8790137767791748,0,3463.3250000000007,667.6500000000001,5361.215,2584.93,0
c748c8f7-81bc-4808-a7ac-857256613b92_jpg.rf.541baae467e1e3e3e751a615e91193ef.jpg,91.13607788085938,164.27642822265625,483.6414489746094,429.9555358886719,0.4029647707939148,0,90.29500000000002,154.85500000000005,467.905,429.485,1
c748c8f7-81bc-4808-a7ac-857256613b92_jpg.rf.541baae467e1e3e3e751a615e91193ef.jpg,87.83893585205078,155.27798461914062,473.8598327636719,436.3487243652344,0.3795623183250427,1,90.29500000000002,154.85500000000005,467.905,429.485,1
c748c8f7-81bc-4808-a7ac-857256613b92_jpg.rf.541baae467e1e3e3e751a615e91193ef.jpg,86.0931396484375,165.1266326904297,475.0390319824219,432.3763122558594,0.26378634572029114,2,90.29500000000002,154.85500000000005,467.905,429.485,1
3a5e913e-2691-463c-94d9-fa2ff931948c_jpg.rf.8e25bc558b60150c0a0e86b5e3f90acc.jpg,1413.8907470703125,1266.7178955078125,4335.123046875,2753.68701171875,0.907478392124176,1,1391.3750000000002,1233.92,4417.585,2797.6599999999994,1
92f03140-b83f-4af8-8f4c-8f29b563e60d_jpeg.rf.8ae2a24997a00cc2f09e807831849ee0.jpg,328.4197998046875,171.17562866210938,1485.251708984375,1496.1654052734375,0.8960250616073608,1,275.7850000000001,128.015,1174.715,1478.865,2
japm_20230610_190424_jpg.rf.81457c47b0dae27cf86e01c2c563b73c.jpg,947.94482421875,1108.78125,1989.2130126953125,2134.47314453125,0.9268698692321777,1,942.6799999999998,1116.43,1987.0199999999998,2126.85,1
korf_20230917_0001064_jpg.rf.07d98bfccd470a753a37a3e7fe83af5b.jpg,934.7991943359375,9.997472763061523,3155.80322265625,2400.0,0.866414487361908,2,893.7099999999999,2.999999999999936,3192.27,2400.0,2
japf_20230610_194735_jpg.rf.5852b341282a05021e7bc51d75ab0763.jpg,1382.0843505859375,687.8821411132812,2554.8984375,1876.213134765625,0.9475387334823608,1,1371.5349999999999,699.5349999999997,2568.005,1873.4450000000002,1
japf_20230610_194342_jpg.rf.ee4ba2818d23f7fcf20b35b13353c526.jpg,1500.1683349609375,1080.9287109375,2598.375244140625,2277.03466796875,0.9258764386177063,1,1476.15,1079.17,2577.3100000000004,2263.93,1
05ab29c5-5a3d-4408-8959-e0186d365d27_jpeg.rf.0ae9cb9391207675d6b3d8f40d6ca2d0.jpg,1515.8134765625,907.3502807617188,2156.6533203125,1618.7918701171875,0.703870415687561,1,1523.7799999999997,918.4900000000001,2143.7799999999997,1605.4900000000002,1
aegf_20230729_0000578_JPG.rf.d6967047f6080ba5ae523c7a9b999c30.jpg,1637.8736572265625,1006.7730712890625,5156.58251953125,4149.0986328125,0.9180387258529663,0,1587.6849999999993,1048.9799999999996,5090.9349999999995,4160.0,0
31d93b01-8bdc-435e-81e6-925c017719f8_jpeg.rf.0917ac120189a102c5917c892b76d08c.jpg,351.9317321777344,433.859619140625,2735.569580078125,1649.437744140625,0.4930657148361206,0,432.0900000000001,435.55499999999984,2745.71,1631.6450000000002,1
31d93b01-8bdc-435e-81e6-925c017719f8_jpeg.rf.0917ac120189a102c5917c892b76d08c.jpg,409.0777893066406,427.68438720703125,2738.478759765625,1654.772705078125,0.44687938690185547,1,432.0900000000001,435.55499999999984,2745.71,1631.6450000000002,1
japf__0000364_JPG.rf.127e2c0bd39cbe9c7410e6a59d0bcf04.jpg,827.4312744140625,692.5228271484375,4145.32421875,3048.107666015625,0.94858717918396,1,788.46,667.1149999999999,4175.759999999999,3032.7250000000004,1
aegf_20230729_0000535_JPG.rf.7ed8225258597fd6b2cabaa7db3edbd9.jpg,2095.801513671875,1048.303955078125,3819.08056640625,3171.13818359375,0.9175769686698914,0,2157.31,1051.415,3935.31,3217.325,0
aegm_20230729_0000717_JPG.rf.1c4a9d8154ec601f8c9c861eaa8f09c6.jpg,1798.0897216796875,1009.68798828125,3451.823486328125,3153.516845703125,0.9235330820083618,0,1788.5549999999998,1030.4199999999998,3384.305,3149.2799999999997,0
japm_20230610_190432_jpg.rf.d4e3082a0b867f5ba51831239336e858.jpg,976.7662353515625,1670.0009765625,2035.244384765625,2158.322265625,0.9049224853515625,1,996.3849999999998,1678.845,2016.2549999999999,2148.7349999999997,1
917b564e-ac30-45b6-b5e2-5f4138e8827c_jpeg.rf.2ccad7ca4599316d4d658408713f9a1d.jpg,1238.3621826171875,1673.0360107421875,2280.149658203125,2633.3740234375,0.9270269870758057,1,1245.745,1675.9100000000003,2294.635,2620.77,1
japf_20230605_225317_jpg.rf.fedf36a1bbc6a70768796c9b857aba6b.jpg,1287.8570556640625,1831.7684326171875,2158.814697265625,2619.27685546875,0.9256082773208618,1,1281.0299999999997,1839.2750000000003,2193.0299999999997,2619.985,1
aegf_20230729_132000_jpg.rf.eef1a4e89024751bb4799062a0e81c62.jpg,1648.7491455078125,585.6830444335938,2364.506103515625,1202.2769775390625,0.9489100575447083,0,1645.21,593.68,2369.21,1242.6799999999996,0
korf_20230928_135419_jpg.rf.ecea8c6a232b151260ca5c992e133357.jpg,1705.907470703125,436.3080139160156,2403.785400390625,1748.0465087890625,0.9510540962219238,2,1702.855,421.00000000000006,2417.2850000000003,1749.2800000000002,2
korf_20230928_134801_jpg.rf.a42f7d4c5c56ad2f4e1ea48285a9c0df.jpg,1386.2667236328125,370.5408020019531,1953.7506103515625,1562.0294189453125,0.9259355068206787,2,1372.045,367.2800000000001,1964.5949999999998,1557.76,2
aegf_20230729_134358_jpg.rf.c14ced091bcaae54f496d34e6b01ca01.jpg,966.8907470703125,1145.0941162109375,1630.2161865234375,1910.9239501953125,0.9466305375099182,0,987.9999999999999,1125.0,1637.0,1896.9999999999998,0
489a2ce5-b060-4f07-a716-cf243b8b409c_jpg.rf.343973215b7d33dd8b0cc5665a51e3b2.jpg,1535.4696044921875,2184.92236328125,2256.656982421875,3108.486083984375,0.9338906407356262,2,1543.665,2177.0,2237.315,3112.9799999999996,2
japm_20230610_193426_jpg.rf.6b2a0b0755cfb5d372b635102347653b.jpg,1104.24951171875,957.5702514648438,1819.4202880859375,1920.6861572265625,0.9469005465507507,1,1064.0,932.0000000000001,1876.9999999999998,1941.0,1
d8cccbcd-2db2-4218-ad03-b0872fcf75ba_jpg.rf.7a8e0e23c4b1aa931bf0a9a7d53442f5.jpg,0.0,41.269588470458984,3891.68310546875,2955.34814453125,0.6164937019348145,2,0.0,54.00000000000005,3873.58,3000.0,1
e100cba4-5ee9-4783-9507-d4b06828575a_jpg.rf.510fb68e81de6e3067ddd5b96b73d04b.jpg,2161.46728515625,1091.56005859375,2541.482177734375,1639.5389404296875,0.8220875859260559,1,2140.4750000000004,1084.3300000000002,2644.665,1674.95,2
korf_20230917_0000934_jpg.rf.2cb7f089fb9e1c170cd89801956cd68c.jpg,356.12457275390625,905.576904296875,1852.5191650390625,2402.70068359375,0.9149918556213379,2,357.7249999999999,871.8649999999998,1859.335,2419.835,2
korf_20230917_0000892_jpg.rf.8ea1c5389a9ee1ace266bbe517f6645b.jpg,1771.327392578125,537.8012084960938,3597.66845703125,1935.256591796875,0.9248952865600586,2,1770.0,552.3199999999999,3600.0,1932.76,2
dc209f6a-4e6a-4350-bd01-98f39490f40b_jpg.rf.90de17010372b85f3dec846b2b2bc410.jpg,653.9627075195312,139.43247985839844,787.640869140625,504.2723083496094,0.9349430203437805,1,655.7299999999999,141.86,783.93,500.4,1
aegf_20230729_0000469_JPG.rf.0ba4fb339b13bb4477c375c9e18867d1.jpg,1849.0377197265625,840.0686645507812,4259.9140625,2985.6025390625,0.9152529239654541,0,1802.71,767.3649999999999,4240.85,2964.7550000000006,0
japf__0000297_JPG.rf.bba5213eb23c0e88c45bd7c99cd0a3e3.jpg,872.6434326171875,1962.53857421875,3452.888427734375,4369.17578125,0.9360739588737488,1,800.8999999999994,1967.9700000000005,3554.0,4361.37,1
628281cb-a226-41d4-9aba-d644ec98c19b_jpg.rf.ef8b9e2e68f437340a903749a85411ad.jpg,847.0645141601562,1448.7320556640625,1255.5040283203125,2101.68505859375,0.8979679346084595,1,862.76,1451.2649999999996,1252.1,2103.475,2
aegf_20230729_0000487_JPG.rf.dacb6db239289714fa8d6da8bfc58295.jpg,2395.63818359375,1206.5167236328125,5202.26806640625,3473.732177734375,0.939154863357544,0,2398.865,1190.0850000000003,5258.675,3494.495,0
japf__0000258_JPG.rf.2fe91e89665039727b83555bb8c554d5.jpg,2758.329345703125,779.8208618164062,4482.201171875,4140.47119140625,0.9270147085189819,1,2776.0,806.9999999999999,4495.0,4160.0,1
korf_20230917_0000936_jpg.rf.10bff3243ef6a346fcce7b13705e38b1.jpg,358.29693603515625,961.0009155273438,1831.69775390625,2451.5693359375,0.9348331093788147,2,375.9999999999999,961.86,1834.8000000000002,2514.0,2
49252af4-ac84-453c-98fc-e0a55d3b55fa_jpg.rf.35c78502d95e7447a35484ee9948fec7.jpg,389.04119873046875,657.816162109375,611.8456420898438,1052.32763671875,0.5029362440109253,2,387.32500000000005,653.66,608.675,1025.0,2
64390760-66f3-4656-99dd-0ef69b7130e2_jpg.rf.4256292e565063a717dfa61913453357.jpg,746.8638916015625,1076.7498779296875,2716.885986328125,2983.331787109375,0.836320161819458,1,707.0300000000001,1032.9099999999996,2715.27,3008.31,2
42fb2426-c91d-40ce-8ef8-7664e7547a49_jpg.rf.c30da6cef95f334364fd99e00988b38b.jpg,261.3651428222656,280.8958435058594,420.8024597167969,522.0361938476562,0.9248871207237244,1,262.65999999999997,281.995,419.02000000000004,526.445,2
korm_20230928_133449_jpg.rf.a328ad1a63b40dfc220f5f85fb455a17.jpg,321.40618896484375,1651.62890625,1184.00537109375,2533.74853515625,0.9204721450805664,2,302.96000000000004,1951.2900000000002,1185.56,2532.23,2
japf_20230607_130930_jpg.rf.3bdaedb8d2134de279bbcca03ba85e04.jpg,1956.0784912109375,1606.45556640625,3037.294189453125,2466.705810546875,0.8739342093467712,1,1959.2650000000003,1601.4250000000004,3057.335,2473.1549999999997,1
japf_20230607_130941_jpg.rf.a3354da8cbb564c71ad19d424149a124.jpg,2059.441650390625,1417.06201171875,3132.15625,2085.247314453125,0.942988395690918,1,2076.725000000001,1416.3449999999998,3144.455,2061.295,1
ab2364aa-00b3-4ed1-85d5-a88f2a925185_jpg.rf.077251b984782f79f61fe8bb7d8ddcde.jpg,224.60122680664062,321.2386169433594,751.9253540039062,757.8110961914062,0.9143616557121277,2,209.00000000000003,332.99999999999994,732.0,724.0,1
korm_20230605_225029_jpg.rf.0f7aadb301af6216f8786b243badda0a.jpg,1639.8465576171875,981.3153076171875,2536.20654296875,1849.4464111328125,0.8942966461181641,2,1653.35,986.6999999999998,2530.29,1852.9599999999998,2
baaa9714-3063-4c8e-b340-e3243bea8e6c_jpg.rf.9f8c6f8afcd7d13fd1def2b61d674a53.jpg,1290.5816650390625,1339.8804931640625,1705.2322998046875,1928.9046630859375,0.8143255114555359,1,1281.6599999999999,1341.9850000000001,1696.0,2083.275,1
d5987b23-4b0f-4065-9875-ec6e5499cc21_jpeg.rf.fcdf9bdd2a77448d1a97a60f870ed054.jpg,936.45947265625,1719.9390869140625,2255.514892578125,2772.5625,0.9350754618644714,1,924.975,1688.985,2259.485,2664.195,1
7f6db730-6db2-4ba4-be8f-42c927d37ee1_jpg.rf.f6b5d47662b22970fc2f7a01223ea8a8.jpg,1302.4351806640625,43.35173797607422,2092.860595703125,858.2471923828125,0.9487568140029907,1,1291.5749999999998,36.119999999999976,2076.005,869.2,2
aegm_20230729_0000719_JPG.rf.17150bd24ea64e8c4b3e9e51f4dd54f7.jpg,2892.138916015625,1752.4244384765625,4295.75,3373.82373046875,0.9043331742286682,0,1766.0250000000008,567.0150000000004,4370.995,3382.965,0
aegf_20230729_0000570_JPG.rf.d930abcce72b694232558275bc7ab8f6.jpg,2143.02587890625,1573.3795166015625,4443.75439453125,3509.754150390625,0.9551182985305786,0,2125.5499999999997,1531.2849999999999,4421.43,3520.975,0
c10d70f5-8b6e-4d76-9386-b4afde825354_jpeg.rf.c1f00ec062e3da33d815f901a0c40108.jpg,746.4342041015625,620.1400756835938,1202.4705810546875,1149.39453125,0.8371596932411194,1,758.6800000000001,621.0,1200.8,1151.32,2
japf__0000365_JPG.rf.551afa78fb3cb7d4b8f0a6435a245c3d.jpg,782.1685180664062,820.8275146484375,4109.35107421875,3142.893798828125,0.9484139084815979,1,779.3800000000003,805.16,4131.68,3161.359999999999,1
b6a9c686-342c-4630-aa3c-c0b2b6d3e720_jpg.rf.694bbb4fcfac859bb5f99e0454f52a85.jpg,485.4568786621094,371.914306640625,864.0198364257812,890.8587036132812,0.9767807722091675,1,486.005,371.34999999999985,868.3149999999999,892.45,1
korm_20230917_0001100_jpg.rf.bdc4388b0ba16ae8f15f530154ea4e92.jpg,1168.5013427734375,570.5261840820312,3082.737548828125,2261.73876953125,0.93080073595047,2,1149.8799999999999,567.5149999999998,3079.84,2248.105,2
korm_20230928_134327_jpg.rf.abb78d82da32ab6d00938f5c1021e6f7.jpg,945.8919677734375,1453.84326171875,1452.749267578125,1952.3662109375,0.9395756125450134,2,945.0,1438.0000000000002,1453.0000000000002,1976.0,2
korf_20230928_134818_jpg.rf.924724c8f8fd13d7a9e49f2f2a1af6b6.jpg,1214.7296142578125,548.1964111328125,2206.414306640625,1500.529052734375,0.9366724491119385,2,1212.2649999999999,555.36,2183.275,1506.06,2
6880eed0-fe54-4c8b-8346-c3dd55ee1f36_jpg.rf.532b49f67b0d05f3df4f2bcc4d3a4220.jpg,171.1357879638672,1080.2265625,3357.519775390625,2904.70263671875,0.862475574016571,1,216.99499999999995,1103.9,3303.005,2870.16,1
japf_20230610_194437_jpg.rf.eba827a0409f37fa3489570a61200971.jpg,1530.2362060546875,920.0707397460938,3121.123046875,2581.21484375,0.9616779685020447,1,1525.9699999999998,917.94,3136.5099999999993,2575.84,1
korm_20230928_134345_jpg.rf.5dda91baeb7e775f8affe91b514340ee.jpg,1568.3634033203125,776.5613403320312,2215.16015625,1254.036376953125,0.9349873065948486,2,1579.24,764.6100000000001,2227.24,1278.6100000000004,2
japf_20230610_194556_jpg.rf.a8eaefb4a73fb7fa435a6d08c1ce3854.jpg,1410.209228515625,1516.4503173828125,2777.99560546875,2679.220703125,0.9528711438179016,1,1425.1199999999997,1513.42,2803.12,2681.0,1
korm_20230928_133748_jpg.rf.3483471f3a1c0d5b35711e64cb6d6f7e.jpg,414.2539978027344,1755.8116455078125,1533.34619140625,2564.587890625,0.8659375309944153,2,442.34000000000026,1743.0449999999998,1524.42,2364.9549999999995,2
aegf_20230729_134335_jpg.rf.8c7afb83d36cb1e90addb10a721d37a2.jpg,692.8875122070312,1607.8914794921875,1296.28564453125,2349.232177734375,0.9119166135787964,0,710.7800000000001,1612.9300000000003,1293.78,2372.9300000000003,0
d55446bd-a944-4ac8-b957-e6e45f8285b8_jpg.rf.af3575374c14abba0c4407bee415af2a.jpg,51.23843002319336,0.0,476.43121337890625,580.0972900390625,0.8659918308258057,1,0.0,0.0,524.0,571.02,2
cd86c57d-a275-4dc0-aac5-5ac0f9d6c97a_jpg.rf.6103e5c610e21a066546bdfea3ffe33b.jpg,0.0,518.3031005859375,3011.62451171875,2924.736572265625,0.9101641774177551,2,0.005000000000080718,501.9399999999995,3064.275,2935.24,1
7b231ae5-b641-49ff-b27b-2852b755f147_jpg.rf.aeb07794c0d5ab6bd754f2872df3a4d0.jpg,895.7406005859375,426.7196044921875,1224.9066162109375,731.5904541015625,0.8903992176055908,2,894.335,417.6649999999999,1222.005,742.655,2
5d50c941-6c1e-472f-9ff1-12dfcfd73039_jpg.rf.aec8391815be8cdcc021f70ac7408f12.jpg,1799.595947265625,1273.99853515625,2111.1044921875,1458.55419921875,0.763784646987915,1,1743.375,1277.6550000000002,2135.325,1447.985,1
72a8dd09-c930-4c90-a57d-b3aa220d2f92_jpg.rf.77665b66b07cee907ba53a9acee65fff.jpg,352.05987548828125,493.4390563964844,513.07470703125,698.908203125,0.9233220815658569,1,355.86,494.90999999999997,546.04,698.4499999999999,1
japf_20230605_224240_jpg.rf.35e482f1f04df13693f8bd6cfb2b8a67.jpg,620.456298828125,2200.06640625,1507.487060546875,2577.05908203125,0.8334677815437317,1,636.9949999999998,2191.5150000000003,1502.9650000000001,2574.7050000000004,1
cda4e6da-a94e-4ee5-afb8-db9b87f51fc4_jpg.rf.6ee85b107c94784e3609a417659ab4a8.jpg,357.20465087890625,228.77633666992188,1133.9053955078125,1263.2210693359375,0.5726868510246277,1,389.84999999999997,347.25999999999993,1126.33,1177.82,1
aegf_20230729_0000566_JPG.rf.3dd89fe2ce3f4bb526139d97347c1456.jpg,2780.2490234375,567.47705078125,4911.03125,3890.610595703125,0.8127168416976929,0,2900.6400000000003,518.9999999999998,4962.0,4160.0,0
aegf_20230729_0000566_JPG.rf.3dd89fe2ce3f4bb526139d97347c1456.jpg,2793.9951171875,557.9872436523438,4912.25537109375,2459.2783203125,0.6984282732009888,0,2900.6400000000003,518.9999999999998,4962.0,4160.0,0
korm_20230917_0001101_jpg.rf.0ce3d29926ce94d60ebf47e2dd6cbcb9.jpg,1137.72412109375,447.6118469238281,3079.673095703125,2153.99560546875,0.9514784812927246,2,1108.4450000000002,482.84,3087.6550000000007,2136.04,2
aegf_20230729_0000470_JPG.rf.dbec24ac118841db844d87846de13a58.jpg,2942.34521484375,998.9569702148438,5233.55810546875,3387.3623046875,0.9366206526756287,0,2937.3050000000003,1038.2200000000005,5270.355,3419.34,0
japf__0000215_JPG.rf.0d62f1bfccd90f9226905cc31b59e5dd.jpg,421.0733642578125,0.0,6240.0,3309.09423828125,0.8659619688987732,1,503.1949999999998,0.0,5699.785,3309.44,1
korf_20230928_135259_jpg.rf.1c1404a8b4eb22f8db387fce5be67e92.jpg,1656.560302734375,332.0291442871094,2112.6298828125,1234.6380615234375,0.7443833947181702,2,1671.84,354.385,2102.8599999999997,1217.255,2
korf_20230928_135259_jpg.rf.1c1404a8b4eb22f8db387fce5be67e92.jpg,1664.775634765625,344.3438415527344,2123.094482421875,1230.8895263671875,0.5743600726127625,1,1671.84,354.385,2102.8599999999997,1217.255,2
korm_20230928_133402_jpg.rf.6446a418274d8d1aa59d03635827b3cd.jpg,1645.26513671875,731.6551513671875,2180.6015625,1156.456787109375,0.9485058784484863,2,1649.0,736.0100000000001,2176.0,1168.0100000000002,2
japf__0000259_JPG.rf.fec775aa6b41fbe75f08638c461a5f7a.jpg,2748.554931640625,741.3421630859375,4467.265625,4136.32958984375,0.9284369349479675,1,2788.9300000000003,759.0600000000005,4487.709999999999,4160.0,1
aegf_20230729_0000516_JPG.rf.f89316e8a30cafdcbde68db552f58031.jpg,2001.0216064453125,1347.7872314453125,3721.95947265625,3621.44580078125,0.871523380279541,0,2041.8400000000001,1451.0,3777.9999999999995,3631.4799999999996,0
cecd3263-f95c-4334-bda1-73813f8cedbb_jpeg.rf.972e20265cbe53bb3b0c27bbeea6e255.jpg,307.506103515625,530.4121704101562,828.0765380859375,1060.8824462890625,0.9193251132965088,1,78.98000000000005,528.57,847.5600000000001,1050.5900000000001,1
japf__0000330_JPG.rf.7ddf388422d3fa9618843d96b002f65e.jpg,153.35540771484375,132.05108642578125,6229.814453125,3988.75927734375,0.8072320222854614,1,87.23999999999972,504.6400000000001,6240.0,4160.0,1
korf_20230928_134833_jpg.rf.a31b6fc9e5ead646dc9d4fbb2da12bab.jpg,1396.2197265625,1404.3031005859375,2187.38916015625,2316.746337890625,0.9378072619438171,2,1391.09,1393.4,2183.93,2316.08,2
a6f703e8-c194-41a6-9e35-205a1b7f0cd3_jpg.rf.761efae0ba915f38b832af43b10fa48f.jpg,1128.5045166015625,1615.6058349609375,1941.519775390625,2507.759765625,0.7794838547706604,2,967.25,1442.0250000000003,2134.99,2526.075,2
a7e02bf7-d6dc-40e4-adb4-4313ecbb4eff_jpg.rf.5455fccdc48e764cd0db84f35f9b0539.jpg,113.07295989990234,104.20861053466797,506.09912109375,638.2125854492188,0.7229151725769043,1,115.0,107.32500000000005,502.0,640.995,1
korf_20230917_0000972_jpg.rf.1c5687246eab7e73fb03bc5e4e0160ca.jpg,1145.053466796875,1018.7522583007812,2777.182373046875,1814.10400390625,0.9275895357131958,2,1104.1100000000001,1026.1250000000002,2763.1900000000005,1900.7150000000001,2
f5e76f84-2636-4b7b-baf8-0ae9045b7a01_jpg.rf.044774ca011957b6d3c052b1532e25bb.jpg,355.22662353515625,478.2665100097656,506.45758056640625,607.0245361328125,0.8455350995063782,2,353.755,475.9949999999999,506.005,608.625,1
f5e76f84-2636-4b7b-baf8-0ae9045b7a01_jpg.rf.044774ca011957b6d3c052b1532e25bb.jpg,356.4757995605469,477.572021484375,506.3199157714844,607.2741088867188,0.4585104286670685,1,353.755,475.9949999999999,506.005,608.625,1
korm_20230928_133315_jpg.rf.4499a800c26321457a1c5e2717dbf9e8.jpg,1692.9002685546875,618.0740356445312,2068.51220703125,1001.6761474609375,0.872845470905304,2,1704.08,618.4200000000001,2065.92,951.0200000000001,2
aegm_20230729_141332_jpg.rf.961da6741e3e12a1d59ad934cc1ac927.jpg,729.3212890625,1537.9569091796875,1489.6209716796875,2338.30712890625,0.8877742290496826,0,726.96,1540.1800000000003,1498.96,2332.2,0
9955c88a-f469-4b20-aefc-001addb68258_jpg.rf.a0b33d5aa9ed7aa3d36334c8dae13609.jpg,204.896240234375,282.6052551269531,817.1827392578125,1240.83740234375,0.8903168439865112,1,208.05999999999995,280.99999999999994,808.08,1237.56,1
japf_20230607_133845_jpg.rf.14aee0e6f59c1c0fc0e03415b131c625.jpg,1566.7574462890625,1356.3828125,2311.4345703125,1930.10107421875,0.9554824233055115,1,1576.4499999999996,1362.585,2304.7299999999996,1926.0549999999998,1
574fa8b3-18f6-412f-91f8-c3d5a2241164_jpg.rf.84b7d4efc26b6cdc7d3564118a0708e0.jpg,907.6132202148438,1637.9493408203125,1949.055908203125,2956.775390625,0.9398924708366394,1,904.0,1635.0000000000002,1928.34,2951.2,2
67dca746-061c-49ad-b0ed-b13eab90e6bd_png.rf.01ed1583048071dd068b3d7b2d772fab.jpg,263.30938720703125,991.678955078125,773.4265747070312,1463.0330810546875,0.9425417184829712,1,262.28,996.6949999999999,770.74,1458.485,1
japf__0000219_JPG.rf.58695c6d7631c3eb5b3b518ca3a104b8.jpg,41.92964172363281,1197.348388671875,5207.33447265625,3107.418212890625,0.8446293473243713,1,0.0,1218.0049999999999,5279.0,3098.475,1
aegf_20230729_0000514_JPG.rf.e44b867be2052859212382aad0ec35ae.jpg,2075.048583984375,829.9144287109375,3767.105712890625,2904.845947265625,0.9156127572059631,0,2025.33,837.6500000000001,3895.3299999999995,2979.6499999999996,0
aegf_20230729_0000481_JPG.rf.d146072dd0c8d7c0aa75b5a6244a9eaa.jpg,1312.5889892578125,1606.8046875,3767.951904296875,3305.423095703125,0.9041139483451843,0,1337.11,1618.975,3752.79,3383.005,0
11bbc5d1-0767-4dca-b31e-b24259f7efb4_jpg.rf.3c369d6ef5f1413c296b97ac17a5b5be.jpg,262.8620910644531,275.76885986328125,538.490234375,503.87457275390625,0.8914891481399536,1,261.43000000000006,278.355,538.39,505.845,2
japf__0000402_JPG.rf.88db5d0c158ba9d45f3da4da879edffa.jpg,777.3719482421875,918.5545654296875,4034.994384765625,2859.857666015625,0.9284517765045166,1,789.4700000000005,898.1050000000002,4086.29,2869.795,1
japf__0000228_JPG.rf.9c02d73cf75f430d80cf62d9dec93eb4.jpg,2159.49658203125,105.75453186035156,5673.9658203125,3060.475830078125,0.9243903756141663,1,2024.0100000000002,0.0,5705.03,3040.42,1
26140419-5974-4b0f-9aae-fdaeb2520a4f_jpeg.rf.799e22c04e133ac2476fc51f6e198b3b.jpg,0.6948302984237671,1157.533203125,2287.86376953125,3142.275146484375,0.8767958283424377,2,0.0,1211.935,2132.0,3137.1049999999996,2
26140419-5974-4b0f-9aae-fdaeb2520a4f_jpeg.rf.799e22c04e133ac2476fc51f6e198b3b.jpg,12.451189994812012,1593.5758056640625,2115.128662109375,3103.336181640625,0.6251673102378845,2,0.0,1211.935,2132.0,3137.1049999999996,2
japf__0000353_JPG.rf.9c5ebd507cc9dc9aebed53cbeeeda400.jpg,2018.2940673828125,126.66624450683594,4714.45458984375,3095.26611328125,0.9389879107475281,1,2029.6850000000002,191.88500000000025,4708.375,3128.0349999999994,1
japf_20230605_223615_jpg.rf.5e95f5cbd5d0b64cc96bff1b3c3d3fb4.jpg,1122.8094482421875,527.403076171875,1912.100830078125,1289.6470947265625,0.9265981316566467,1,1121.375,531.7099999999999,1919.4650000000001,1318.71,1
140f7add-1aa9-4e32-b653-5839f5de0d9f_jpg.rf.ff51b463b996df2e50b5be383d5eb551.jpg,992.8688354492188,1499.61669921875,1964.736083984375,3151.192626953125,0.9249197840690613,1,1003.885,1489.2349999999997,1944.075,3038.705,1
japf_20230610_193847_jpg.rf.8cd51e80b17a6459593b6db9e59fbd28.jpg,888.3407592773438,630.76953125,1744.4263916015625,1527.5977783203125,0.9272650480270386,1,834.0,564.0,1823.9999999999998,1603.9999999999998,1
aegf_20230729_131959_jpg.rf.ffd00259a4bbff21ab3fc611294ea22f.jpg,1844.216552734375,533.8329467773438,2566.32373046875,1146.6136474609375,0.9341548681259155,0,1833.6100000000001,521.5700000000002,2557.6100000000006,1159.5700000000002,0
japf__0000361_JPG.rf.6edc08ad555c4384b4589a9781d7f42d.jpg,2433.024169921875,434.0029296875,4313.724609375,3431.780517578125,0.9336060285568237,1,2401.4049999999997,453.6999999999998,4282.975,3421.0,1
f0386112-594c-4ad7-9fd5-89f299e2005b_jpg.rf.60c2f22a9c168d89930eeec0c836869a.jpg,411.2361755371094,729.2290649414062,516.091552734375,836.1987915039062,0.8897261023521423,1,402.5,731.885,517.0,834.995,1
korf_20230917_0001007_jpg.rf.64c686cd3606242337cd7702fb0a13b6.jpg,1064.315673828125,1025.4862060546875,2097.874267578125,2390.930908203125,0.9226917028427124,2,1060.0,1052.0,2073.0000000000005,2400.0,2
korm_20230928_133923_jpg.rf.cfd022a1b1045162d94b52c6db230cfc.jpg,1194.96240234375,122.95732116699219,2304.62060546875,965.68798828125,0.8323005437850952,2,1180.2300000000002,113.27499999999999,2312.49,986.3050000000001,2
88d63c99-2f75-40e6-b365-ed3addc27b7a_jpg.rf.36311e5a910add0e085b25392d0f5140.jpg,416.412109375,822.150390625,759.9741821289062,1105.872802734375,0.8871764540672302,1,415.56499999999994,817.435,763.555,1107.905,2
korf_20230917_0000948_jpg.rf.419ec90fe0fdd93b3c01bef89e53c7e7.jpg,1171.746826171875,327.3125915527344,3494.6962890625,1504.7276611328125,0.9264040589332581,2,1190.845,317.36999999999983,3479.875,1500.25,2
korf_20230928_135011_jpg.rf.193dcd0afe95955a7a6455b4e5dd520e.jpg,1996.605712890625,758.5260620117188,3117.150146484375,1514.5257568359375,0.9348637461662292,2,2000.5249999999996,750.5150000000001,3123.775,1504.445,2
korm_20230917_0001158_jpg.rf.7e4eabe0ef3f93b143e611040ee67da7.jpg,1345.293701171875,1051.064697265625,2596.585693359375,1715.572509765625,0.9293001890182495,2,1344.185,1062.835,2565.135,1700.2649999999999,2
korm_20230928_133323_jpg.rf.03a01141c445e53c172edf30e23f9496.jpg,1124.7467041015625,754.7763671875,1766.239990234375,1165.7520751953125,0.8804214596748352,2,1133.0,716.9999999999999,1775.9999999999998,1172.0,2
korm_20230928_133357_jpg.rf.aa73b72e85b3c649f9fcdebc34c44d68.jpg,1958.2313232421875,695.5892333984375,2386.924072265625,1229.189453125,0.9189771413803101,2,1954.0000000000002,687.0000000000001,2393.0000000000005,1230.0,2
aegm_20230729_0000667_JPG.rf.b601981fb0cd83d0f83876ec22240093.jpg,2088.1708984375,757.3012084960938,5032.0498046875,3519.150634765625,0.90056973695755,0,2082.29,768.1800000000001,5044.01,3517.68,0
japf__0000176_JPG.rf.89cb085f93f212464da0b849bab1af23.jpg,2316.7099609375,795.7777099609375,3940.01220703125,2701.655029296875,0.9354196786880493,1,2323.6249999999995,811.6199999999998,3923.0349999999994,2734.36,1
64bff970-22b5-4419-9447-1f7da4543b62_jpeg.rf.96a1f761ef8dca86b5e4e43045ce02a8.jpg,500.495849609375,825.8883666992188,1224.5394287109375,1460.8597412109375,0.9117791652679443,1,502.655,839.0600000000001,1200.325,1493.96,1
japf__0000217_JPG.rf.5fc22a8dcb5ededf66cf6afd8f80d06a.jpg,355.7680358886719,0.0,5340.7099609375,3437.296875,0.9141896367073059,1,468.8900000000002,0.0,5064.75,3425.32,1
6b6ce896-829a-4d49-876d-2eb96052760b_jpg.rf.db7127cfa3c5e3c7c49882ba100c65cb.jpg,3023.369140625,1187.1761474609375,3653.362060546875,2095.6796875,0.7637665867805481,1,3011.3250000000003,1187.0000000000002,3656.6549999999997,2103.32,2
6b6ce896-829a-4d49-876d-2eb96052760b_jpg.rf.db7127cfa3c5e3c7c49882ba100c65cb.jpg,3024.949951171875,1190.921630859375,3653.695068359375,2090.1357421875,0.6322675347328186,2,3011.3250000000003,1187.0000000000002,3656.6549999999997,2103.32,2
80981f46-c86d-4cdd-9dba-cacfd764e3f9_jpg.rf.5cefd8616db77e573227a1bf8a09bf2e.jpg,17.283334732055664,738.2861328125,1025.1982421875,1873.3887939453125,0.8906548619270325,1,0.0,453.825,1022.46,1840.4950000000001,1
8bbbe5ab-1b1b-4db0-9932-8aecb63a7e00_jpg.rf.729227fae3fd89b0ca6339366c7ce9ac.jpg,334.9579162597656,569.59130859375,533.3714599609375,778.7919311523438,0.9245085716247559,1,285.9,569.69,536.0,779.03,1
d281de3a-a39d-42b8-9f8e-12c165c91f4d_jpg.rf.2f3f6b67e12cd0481968f2047d080e1f.jpg,375.8809509277344,1222.1905517578125,1464.2799072265625,2661.86279296875,0.9611894488334656,1,368.69999999999976,1228.0,1471.42,2671.18,2
d0e6d1b6-dbd4-4531-8e20-0aa7ab40e530_jpg.rf.d29fab9cb453f20868012f0278688ffa.jpg,240.47479248046875,269.37921142578125,661.587890625,716.6128540039062,0.8426051139831543,1,241.48,271.515,663.38,719.025,2
edbddeca-c732-4d53-a442-cb58db8df2d3_jpg.rf.85c801efe4267fe3673851c5f285f794.jpg,428.3934631347656,947.8150634765625,631.12744140625,1198.9837646484375,0.5189893841743469,2,437.98500000000007,944.6300000000001,628.995,1142.63,1
edbddeca-c732-4d53-a442-cb58db8df2d3_jpg.rf.85c801efe4267fe3673851c5f285f794.jpg,428.5589904785156,946.8607788085938,628.6515502929688,1199.056884765625,0.3385559916496277,1,437.98500000000007,944.6300000000001,628.995,1142.63,1
4b998bc3-e16f-42e4-be5a-1809ed747b0b_jpg.rf.76ffe2759450d982b53622027a3a7d79.jpg,400.7666320800781,489.1734313964844,584.8524169921875,796.1267700195312,0.946379542350769,1,405.24,493.845,584.64,797.335,1
korm_20230917_0001150_jpg.rf.f3bb0f85a53ba2462399e9c141d8bc06.jpg,1834.1036376953125,769.7985229492188,2858.4599609375,1737.1331787109375,0.9155620336532593,2,1855.4350000000002,746.3099999999998,2877.085,1728.3899999999999,2
korf_20230917_0000872_jpg.rf.d7f7ceeceb7203c20b850a901fabbe63.jpg,1259.283203125,494.82867431640625,2714.078369140625,2064.340576171875,0.8729100823402405,2,1265.1800000000003,502.19500000000033,2789.7200000000007,2110.245,2
aegf_20230729_134246_jpg.rf.43b5b3462a77df567fcefb0e4f2b9150.jpg,866.6046142578125,1518.5181884765625,1568.5909423828125,2406.89990234375,0.924837052822113,0,882.955,1506.5,1565.585,2402.16,0
960c1dbb-2416-4568-bf7b-8b5f84edef8d_jpg.rf.88d6ca4945b96970dbb03578c3d4abb0.jpg,1824.611328125,1749.538818359375,2233.637451171875,2126.024658203125,0.8777695298194885,1,1912.62,1753.6,2259.6800000000003,2037.0199999999998,2
f9655a8d-6a64-4b4b-8e90-412fe2e6cb51_jpg.rf.1bbc7b3c89dfe3c6e6ef884b6cd23e86.jpg,291.571044921875,576.1950073242188,506.35906982421875,873.4301147460938,0.8783639669418335,2,288.785,578.0150000000001,503.91499999999996,875.385,2
japf_20230610_194044_jpg.rf.b2404395bef6537027385bfb52c6a862.jpg,1158.974853515625,1614.0186767578125,1813.566162109375,2308.137939453125,0.7713760137557983,1,1213.1100000000001,1611.8000000000002,1809.99,2314.7,1
japf__0000311_JPG.rf.473c46e8b7f8383071663eae5a7af74d.jpg,2491.8896484375,931.4820556640625,5277.2021484375,3534.999755859375,0.8172574043273926,1,2427.12,969.6099999999998,5244.66,3243.3900000000003,1
japf__0000398_JPG.rf.ed17e6bff41908cda0137ff13960674b.jpg,1521.46240234375,1195.433837890625,4422.166015625,3510.068359375,0.9524630904197693,1,1493.375,1195.5500000000002,4463.045,3540.05,1
japf__0000192_JPG.rf.a672e5007bc41ad0e2158543a39cd7ee.jpg,499.36676025390625,678.2152099609375,4485.19482421875,3279.85986328125,0.9213106632232666,1,631.7200000000003,747.4899999999998,4467.380000000001,3293.05,1
korf_20230917_0001066_jpg.rf.e610f1b506de19e5b53b9acb7cda6f1d.jpg,1360.878173828125,0.0,3090.787841796875,1926.268310546875,0.9385815262794495,2,1375.7200000000003,0.0,3068.46,1964.9,2
korm_20230928_133411_jpg.rf.f48947d6cac8ca1dc81c17796613e589.jpg,494.7275085449219,1541.578857421875,1281.8857421875,2016.7493896484375,0.9214178323745728,2,488.3799999999999,1533.085,1284.96,2031.3750000000002,2
aegf_20230729_131006_jpg.rf.09ba4e650d52fdcef14bba5556fa4126.jpg,369.20355224609375,1643.7305908203125,1100.1881103515625,2283.26904296875,0.9606725573539734,0,359.605,1656.3899999999999,1094.935,2299.73,0
4139e367-0420-4257-bac2-40698545acfc_jpg.rf.3c4b64b718446eb710e66dbaab3e9041.jpg,319.79620361328125,1021.7003784179688,559.9759521484375,1268.8450927734375,0.7309799790382385,1,319.0,1024.815,553.28,1268.0049999999999,2
japf_20230605_223651_jpg.rf.3809b1fd13a5f0a84844ca67f0d0a4a4.jpg,540.6341552734375,1037.8394775390625,1488.224365234375,1978.6387939453125,0.9156178832054138,1,547.995,1091.985,1494.3250000000003,1962.695,1
japf__0000274_JPG.rf.cc0f4ea1a7febb0a74f7eb93d040356d.jpg,2327.792236328125,0.0,5322.068359375,3626.179443359375,0.9130204319953918,1,2333.5699999999997,0.0,5353.73,3616.84,1
aegf_20230729_0000464_JPG.rf.cdb63998e139ef844fc10c49e637db36.jpg,2696.758056640625,1165.0699462890625,4849.17041015625,3366.421142578125,0.9389131665229797,0,2662.9800000000005,1154.2750000000003,4892.58,3376.985,0
aegf_20230729_0000453_JPG.rf.b056ff7fbe6225895d9e43c8574673d0.jpg,1871.3983154296875,780.2838745117188,3265.384765625,2361.992919921875,0.920315146446228,0,1914.47,791.935,3272.2300000000005,2435.005,0
d077644e-c6af-401c-a0a8-b8ef12002cc9_jpg.rf.a96da80d19c73c1fd45088f5ac2fbf7d.jpg,0.0,427.8394775390625,4685.228515625,3379.04833984375,0.7759312987327576,1,0.0,428.9999999999999,4705.0,3278.0,1
99d1eb3b-8df0-4d7c-bcc6-e9a8e3339932_jpeg.rf.9156c46680df7baab99500bf6902fbf4.jpg,919.0440063476562,898.274658203125,2580.455078125,2492.71630859375,0.9244452714920044,1,445.79499999999996,859.56,2591.4449999999997,2522.0,2
a69f9301-d31b-42c5-9450-00bf488754d8_jpeg.rf.bf531581aed6c7d0d78cf6f9846b973f.jpg,1508.8568115234375,2026.7310791015625,2071.952880859375,2754.63525390625,0.9184984564781189,1,1506.1599999999999,2034.95,2072.08,2751.95,1
853ebf27-ded2-4881-ae39-0c6bef7a1e37_jpg.rf.c52a10eb660d2419145c7e3f137a8e13.jpg,314.63134765625,505.4020690917969,514.1757202148438,749.5302124023438,0.8374118804931641,2,318.0,503.995,512.0,747.6650000000001,1
90cebdf2-0a21-4a21-a820-8aac1d955057_jpg.rf.62a340c986e4fa7341ffb76f7bde28c0.jpg,2000.5797119140625,2642.09912109375,2424.609619140625,3134.716796875,0.9057062864303589,1,1968.17,2586.7399999999993,2427.01,3137.24,1
aegf_20230729_0000543_JPG.rf.4c6ee544c9e3010078133742f192c04c.jpg,2072.2294921875,1209.9764404296875,3837.870849609375,3504.323486328125,0.8706640005111694,0,2111.63,1222.75,3864.5699999999997,3496.5699999999997,0
japf__0000254_JPG.rf.552abc1a16c529c4e77f2b41102f6d1f.jpg,813.4412231445312,0.0,5040.43505859375,3362.880859375,0.6679010391235352,1,1094.44,0.0,5060.700000000002,3346.72,1
korm_20230917_0001142_jpg.rf.5d6e5c4aa231c4bb17f26ee27acbcea7.jpg,1908.1995849609375,445.0908203125,2894.447265625,1834.9176025390625,0.9465334415435791,2,1876.4949999999994,466.0050000000001,2908.705,1851.595,2
japm__0000316_JPG.rf.01edd90157198a094e7d3551669c7e93.jpg,3613.001708984375,1217.44970703125,5225.53125,3314.9052734375,0.9421243071556091,1,3663.8500000000004,1272.7049999999997,5229.43,3287.115,1
da1e55d8-f936-43f5-be2d-720b8fead428_jpg.rf.84ffd11efa7f9a1646dfaa85ad0ea92c.jpg,243.35755920410156,156.20574951171875,749.186767578125,641.6082763671875,0.6857626438140869,1,237.00500000000005,148.00500000000002,749.615,637.195,1
aegf_20230729_131844_jpg.rf.f3df0eeacfbf239a0e006d3e2dfc7474.jpg,1769.3687744140625,713.0474243164062,2118.568359375,1190.639892578125,0.8848504424095154,1,1762.0,719.0,2147.0,1218.9999999999998,0
aegf_20230729_131844_jpg.rf.f3df0eeacfbf239a0e006d3e2dfc7474.jpg,3571.42529296875,832.1695556640625,3999.247314453125,1254.014404296875,0.5398872494697571,2,1762.0,719.0,2147.0,1218.9999999999998,0
9cb2cbb7-eacd-42b8-8a61-192f2277de68_jpg.rf.5bb00f9a390621085a9013c97b5f5b42.jpg,23.343276977539062,619.7372436523438,2923.569091796875,3932.192138671875,0.8812612891197205,1,0.0,455.00000000000006,2678.0,3955.0,1
aegf_20230729_0000527_JPG.rf.3a30e9c2890e0d29e92b550880dc0504.jpg,3077.963134765625,1103.5150146484375,4879.6337890625,2869.646240234375,0.9135807156562805,0,3118.9450000000006,1141.48,4812.155000000001,2957.18,0
7df9e03f-7bda-4afc-8313-907d78f77091_jpeg.rf.bf44bdbbf7f2da163cd0604f81e89039.jpg,1006.0996704101562,1652.6416015625,2434.241943359375,2511.932861328125,0.9313932061195374,1,1012.6300000000001,1651.37,2437.77,2529.75,1
japf_20230610_191747_jpg.rf.b100b1d5cbeaf7218d06e96e696a0510.jpg,798.5092163085938,392.7040100097656,1885.45166015625,2177.190673828125,0.9452859163284302,1,805.1300000000001,392.05500000000035,1880.23,2165.8850000000007,1
japf_20230610_193543_jpg.rf.70b3933e9d22acd48b6c5b7783ba3200.jpg,974.1917724609375,1577.2711181640625,2240.945068359375,2971.751953125,0.9577556252479553,1,953.9999999999999,1560.0,2283.0,2970.0,1
japf_20230610_193844__jpg.rf.461ac493fd4686ff6a0946078053de0d.jpg,707.8101806640625,492.07440185546875,1769.3548583984375,1478.771240234375,0.929355263710022,1,696.14,487.4100000000001,1853.2,1466.59,1
aegf_20230729_0000508_JPG.rf.82ae1851ecf059df4f61f65f7a8c2dc0.jpg,2042.816650390625,300.2408142089844,5006.92236328125,3457.007080078125,0.964948296546936,0,2093.605,311.7100000000001,4978.014999999999,3473.37,0
japf_20230605_225315_jpg.rf.f98ec150a8e408bf6ef07c4d06cbdf5e.jpg,1227.0626220703125,1848.8243408203125,2244.697509765625,2761.150390625,0.9180276393890381,1,1241.2849999999999,1841.505,2232.735,2751.135,1
9540cbe2-b864-4501-8fdc-c455bea5cffd_jpg.rf.1979b48e617dda95ebf13c1b030b32da.jpg,1264.75146484375,1753.910888671875,1851.69970703125,2630.53369140625,0.6022295951843262,2,1366.45,1761.5149999999996,1862.8899999999999,2631.4249999999993,1
9540cbe2-b864-4501-8fdc-c455bea5cffd_jpg.rf.1979b48e617dda95ebf13c1b030b32da.jpg,1261.965576171875,1759.0291748046875,1854.4478759765625,2634.677734375,0.5951979160308838,1,1366.45,1761.5149999999996,1862.8899999999999,2631.4249999999993,1
4cf3c011-effe-46ae-966e-adbe0b6e0bd9_jpg.rf.33e8709cdc7e42b83a13a5d22be4911a.jpg,1037.4678955078125,1253.1849365234375,1595.374755859375,1896.3834228515625,0.9058986306190491,1,870.465,1259.475,1584.0149999999999,1902.465,1
6192471d-b23f-4310-8f90-98d69c7547b5_jpeg.rf.d2a24e3cfc2f5c864dfa7ca37a23c55c.jpg,1026.48779296875,2382.24169921875,1608.2518310546875,2977.489990234375,0.912239134311676,1,1009.0099999999999,2350.33,1622.3300000000002,2991.99,2
korm_20230928_134111_jpg.rf.ff425b763ea21e2ede30237f001151e6.jpg,699.6456298828125,1717.59228515625,1725.5015869140625,2301.5048828125,0.8436535000801086,2,708.61,1680.3849999999998,1704.3899999999999,2215.555,2
japf__0000273_JPG.rf.0062ad0305846eab898b1038abd115bf.jpg,2342.697998046875,0.0,5369.0390625,3286.78076171875,0.9041576981544495,1,2381.9049999999997,0.005000000000130456,5339.715,3358.775,1
aegm_20230729_0000759_JPG.rf.bf0471837e60e9fa59c3f35e1a21b355.jpg,2016.8616943359375,148.56788635253906,4731.7197265625,2120.190673828125,0.7784258127212524,0,2032.3100000000009,180.25500000000014,4756.710000000001,2149.645,0
korm_20230605_225006_jpg.rf.3e4fe3899c1df7e4c551c62cfc8899fe.jpg,1887.6973876953125,1057.92626953125,2963.385498046875,1992.8017578125,0.9423295259475708,2,1897.585,1059.6899999999998,2959.6549999999997,1981.71,2
1682b094-190d-4a2d-b878-a055858cfc6f_jpg.rf.4d0c8d05ffd0b774df7469c27d754f71.jpg,290.9834899902344,500.49151611328125,470.7236328125,747.3430786132812,0.941448450088501,1,291.43499999999995,501.85,469.245,746.2900000000001,1
1682b094-190d-4a2d-b878-a055858cfc6f_jpg.rf.4d0c8d05ffd0b774df7469c27d754f71.jpg,4.271679878234863,76.8189468383789,447.3507385253906,823.6889038085938,0.2891019284725189,1,291.43499999999995,501.85,469.245,746.2900000000001,1
516666f1-68a0-4c05-9832-1af980e448d3_jpg.rf.88436bf71c720684f19dce47cb5d22bb.jpg,295.3572082519531,460.0250244140625,656.2647705078125,999.5911254882812,0.9355393648147583,1,302.765,458.90500000000003,655.5550000000001,998.855,1
fa1f4fce-78af-4fd2-aaf8-8c3570759060_jpg.rf.053ce010c93325f8f77d44037ebdc039.jpg,714.1139526367188,432.9255676269531,1745.6683349609375,1327.9228515625,0.9588139653205872,1,694.3400000000001,424.03,1821.94,1347.29,1
japf_20230605_223703_jpg.rf.ff55ce925ee154cf1c785cab27c2781e.jpg,494.1998596191406,882.114013671875,1410.654052734375,1965.5303955078125,0.9412223100662231,1,494.035,889.0700000000002,1407.6449999999998,1966.2699999999998,1
5881ad71-61bc-4680-b57b-1ee7f96b4b59_jpg.rf.1d6abaa08dfe4b9e27c492999dda9c7b.jpg,1003.6810913085938,2221.226806640625,1754.962158203125,2514.587890625,0.8825081586837769,1,1017.6949999999998,2223.335,1740.805,2518.205,1
7525de17-f4f3-4b42-a94b-6e6869424364_jpg.rf.3c6d11fe3c47c8d523b988c18555a0f7.jpg,132.9255828857422,98.3418960571289,533.542724609375,483.16973876953125,0.7651718854904175,1,132.42499999999995,96.04999999999997,453.375,476.99,1
13ed7625-574f-418a-baef-53f3513cf109_jpeg.rf.0531117385b8561b4f4b99023b4d756e.jpg,190.9163818359375,245.9423065185547,1892.852294921875,2415.872802734375,0.8631621599197388,1,142.00500000000002,239.40999999999988,1892.0149999999996,2404.6499999999996,1
aegf_20230729_0000587_JPG.rf.db7467a7f1f89079aa02db11f8513428.jpg,1507.5667724609375,1307.3861083984375,5266.18115234375,4135.458984375,0.9113595485687256,0,1487.53,1336.1800000000003,5281.41,4160.0,0
korf_20230928_134726_jpg.rf.e06a8883c6f9ad03105968ed3c97c971.jpg,1944.5828857421875,1018.0526733398438,2622.22314453125,1565.9046630859375,0.9238005876541138,2,1942.8100000000006,1002.4650000000001,2619.8300000000004,1567.2950000000003,2
aegm_20230729_0000650_JPG.rf.70f66265229528dfb3dec009935414b2.jpg,1240.2772216796875,868.5609741210938,3423.204833984375,4068.098876953125,0.9366868734359741,0,1208.62,883.6049999999999,3437.38,4085.6150000000002,0
6dfbb411-9599-4b13-afaf-29676d81ba1d_jpg.rf.474b0770c059c3846e65f8c76205ec80.jpg,1368.994140625,1815.426025390625,1976.0474853515625,2421.265380859375,0.9331071376800537,1,1375.895,1820.8600000000001,1972.6249999999998,2419.8599999999997,1
korf_20230917_0001030_jpg.rf.aa148337683845c25fcb903f3b130b5a.jpg,1646.72900390625,590.9633178710938,2990.048583984375,1861.8656005859375,0.9588534235954285,2,1650.3049999999998,599.6599999999999,2975.6749999999997,1879.42,2
aegf_20230729_134357_jpg.rf.a731bcca37cf73adfea0aed56e8e0c52.jpg,1134.3909912109375,1108.36181640625,1763.9373779296875,1740.5872802734375,0.9378039836883545,0,1145.0,1087.0,1767.0,1744.9999999999998,0
japm_20230610_190410_jpg.rf.fd4a4ca4c7af8eb77da4b8797cd14b98.jpg,678.3966064453125,1397.3486328125,1964.154052734375,2074.809814453125,0.9320884943008423,1,677.5999999999999,1379.0,1951.9999999999998,2069.26,1
18c69389-8285-4a3a-9477-32f7623ef782_JPG.rf.9ea1ffc8a9d0063dabe1eaff3dbe597c.jpg,952.8732299804688,1229.97021484375,1819.345458984375,2049.18017578125,0.8899018168449402,1,972.6700000000001,1184.9299999999998,1808.23,2057.27,1
korm_20230928_133848_jpg.rf.22dd8316a7554e2e1c4b8470a7aa0583.jpg,1322.02880859375,1004.3287353515625,2098.06201171875,1957.4840087890625,0.940775454044342,2,1319.825,998.9999999999998,2121.075,1956.7,2
japf__0000395_JPG.rf.46d97cbc57f086264b84a6c37bc60e98.jpg,2042.9774169921875,1187.82421875,5038.708984375,3506.1474609375,0.9605382084846497,1,2036.3550000000002,1179.2250000000001,5063.365,3525.055,1
korm_20230917_0001131_jpg.rf.84f0b1ab6671d19ed29940b3204e94de.jpg,1375.92041015625,508.4010009765625,2715.1875,1431.689208984375,0.920310914516449,2,1377.5549999999998,518.99,2710.5450000000005,1422.19,2
japf__0000238_JPG.rf.2ad0afe431a8676206c526f83ffc975d.jpg,2949.373779296875,20.45958709716797,5361.04833984375,3478.06640625,0.931407630443573,1,2998.2350000000006,0.0,5343.025,3473.1,1
korf_20230917_0001008_jpg.rf.069c1a6fd0dbb8ac4a178e44b2e73a96.jpg,977.2335205078125,625.5509033203125,1663.636962890625,2239.383544921875,0.928409218788147,2,997.565,666.1850000000001,1670.0349999999999,2240.7950000000005,2
aegf_20230729_134534_jpg.rf.72bd069d65aa50b48502c5a5b55ac611.jpg,994.4395141601562,1670.1121826171875,1432.9881591796875,2221.447265625,0.9586018919944763,0,1019.7050000000002,1682.16,1441.555,2204.8,0
aegf_20230729_0000460_JPG.rf.3a72eef3f2f251dc3330418ffc77de06.jpg,3492.416259765625,1894.4195556640625,5815.05859375,4079.7333984375,0.933268666267395,0,3458.9999999999995,1914.0000000000002,5776.0,4160.0,0
japf__0000295_JPG.rf.c690c80fc45cbb3b3129996914c5c0e5.jpg,483.6542053222656,2280.89697265625,3348.417236328125,4936.3056640625,0.9340110421180725,1,432.89,2291.98,3358.71,4957.74,1
654feb14-c415-40f7-9514-310a5180e09c_jpg.rf.776bc3160dc3bdc65966aa5172ced1f3.jpg,81.41107177734375,111.97710418701172,1515.978515625,1230.1317138671875,0.9370630383491516,1,78.13000000000018,60.34000000000013,1517.67,1231.6799999999998,1
14c6f264-c3a7-4ef0-a138-61ec0c5d9417_jpg.rf.c5085e61e4ca234b3fc2375f624a7b04.jpg,264.0443420410156,892.0201416015625,554.5972900390625,1352.6092529296875,0.9347695708274841,1,258.0,885.2450000000001,555.42,1350.035,2
korm_20230917_0001090_jpg.rf.0a7e59fdef82c40c5926a914354b81c5.jpg,782.744873046875,309.1240234375,3051.076416015625,1770.6973876953125,0.9142407774925232,2,0.0,307.6299999999999,2997.0,1826.09,2
korf_20230928_135101_jpg.rf.a87b9260ac6bad5b814f98a63204f672.jpg,1264.1431884765625,908.5659790039062,1965.7625732421875,1209.2742919921875,0.8477295637130737,2,1254.48,863.5650000000002,1978.54,1192.835,2
japf_20230610_191753_jpg.rf.9b30ede01462fa92ca4e1097cbfd0b3e.jpg,568.63671875,1824.1455078125,2300.569091796875,2752.379638671875,0.9331687688827515,1,572.1249999999999,1824.9550000000002,2307.935,2743.565,1
korf_20230917_0001026_jpg.rf.8209a0ca7eba5e06abb48938107ddeb0.jpg,1651.900146484375,608.245849609375,3046.16162109375,2161.9189453125,0.9444682002067566,2,1665.5,636.16,3012.0600000000004,2159.2200000000003,2
778b6023-176b-4f60-ba32-0ec831006817_jpg.rf.ba1cc71f917aa485062ca92092d1ece9.jpg,677.0380859375,916.807373046875,1145.8582763671875,1396.3817138671875,0.8973755836486816,1,685.0,892.9999999999999,1138.0,1301.0,1
f1f9fb3a-2f9d-4511-89a5-f8a8647db942_jpg.rf.584a7d173993a3f1072a71f9fbd13e06.jpg,81.60717010498047,278.71026611328125,280.3694152832031,644.93115234375,0.9121541380882263,1,79.0,284.16,281.54,644.0,1
korm_20230928_133413_jpg.rf.39f27f8911bbdfcf457b8f567eb643ea.jpg,439.0405578613281,1564.125,1256.9124755859375,2073.88720703125,0.9322604537010193,2,438.5450000000001,1579.315,1254.915,2065.685,2
8f0c545d-09d9-4596-8a3d-94941c1497dd_jpeg.rf.02cc988515835b16787df0ed62d175cf.jpg,313.7455749511719,208.81846618652344,1145.20751953125,1053.6715087890625,0.6704351902008057,1,166.67000000000007,184.88000000000014,985.23,1041.0,1
3d2e2368-aaa4-4015-b4ff-8d23abe19181_jpg.rf.46f1424bc852ed4f8d03904f85c33a46.jpg,337.32281494140625,565.5265502929688,757.1641845703125,840.32421875,0.9316906332969666,1,336.45500000000004,561.3449999999999,757.0049999999999,853.0149999999999,1
japf__0000279_JPG.rf.ccfb4c8a5417f978821bf14698d85d80.jpg,408.9010314941406,1737.0269775390625,3722.432373046875,5356.23388671875,0.8913018107414246,1,407.33,1377.2800000000007,3716.67,5320.780000000001,1
3ddb5c45-d782-4046-bfd3-ccfc6695bce7_jpg.rf.27815ae2adf3558b01cb386e4aee90d1.jpg,42.75485610961914,83.62975311279297,651.1558227539062,572.2362060546875,0.7292946577072144,2,46.03500000000008,86.51999999999998,638.405,551.76,2
aegf_20230729_134337_jpg.rf.1bd41f6805bc36fa81969b91d9bbe7b0.jpg,773.120849609375,1549.2252197265625,1390.873779296875,2321.575439453125,0.933217465877533,0,796.0649999999999,1559.0799999999997,1397.995,2344.08,0
c0976c9d-89d1-44cb-b2ca-5f776cf270fc_jpeg.rf.2f244f513a703cca5a9d71df21ca1d4e.jpg,1674.9891357421875,1310.3118896484375,2214.14599609375,2129.6259765625,0.904918372631073,1,1671.6299999999999,1292.6150000000002,2199.5099999999998,2122.765,1
aegm_20230729_0000698_JPG.rf.831a0065193b402409dac340c3fcd324.jpg,2119.3251953125,1440.6109619140625,3840.5908203125,2992.4296875,0.9172800779342651,0,2111.6400000000003,1430.9750000000001,3843.0,3035.025,0
aegm_20230729_0000761_JPG.rf.941637cd890a6b582bd35b83ebcbe9db.jpg,2319.055908203125,0.0,4781.9619140625,2057.97900390625,0.8942667245864868,0,2281.0,16.514999999999873,4800.34,1966.145,0
korf_20230917_0000919_jpg.rf.0470bca3caeec995e556f2bc44621b17.jpg,677.591552734375,145.18373107910156,2516.82958984375,2400.0,0.8757650852203369,2,644.0,148.99999999999997,2501.0,2400.0,2
64c3bdfb-785d-4827-8bbf-f01fc7f49d33_png.rf.3967e6c7223428b5ef279011ad82f590.jpg,369.32061767578125,778.1283569335938,921.26513671875,1542.416748046875,0.9134471416473389,2,367.335,784.0049999999999,920.325,1544.655,2
korf_20230917_0000965_jpg.rf.b8ab023d5a218946a22c57c7d7acb5c0.jpg,1225.763427734375,437.55926513671875,2679.746337890625,1893.504638671875,0.938206136226654,2,1195.3649999999998,413.56,2725.075,1951.7400000000002,2
e72a969d-5c53-4ac5-853e-cfb6fdb482c4_jpg.rf.9997a6edb0845d93fd5d0bee35415d9d.jpg,191.12548828125,485.76226806640625,985.9541015625,1049.2147216796875,0.7391542196273804,1,181.23500000000007,481.95000000000005,1002.7849999999999,1244.1299999999999,2
586fbe09-c176-4ead-bd7b-fffc90f4f25f_jpg.rf.f47b6397f394af4268d47ad9d3a3db2e.jpg,836.8989868164062,913.8770141601562,1734.483154296875,1681.1796875,0.9113168716430664,2,836.9950000000003,892.4400000000002,1724.325,1677.8200000000002,2
korf_20230917_0000981_jpg.rf.c39feb928853034e1ecd19a5526fc743.jpg,2066.3505859375,630.5723876953125,3033.65283203125,1585.7374267578125,0.9381060600280762,2,2055.1,626.9949999999998,3049.4000000000005,1601.165,2
japf__0000262_JPG.rf.08cdcc0a07198347ef7440980dca3e79.jpg,2231.233154296875,830.065185546875,4687.62890625,4155.17822265625,0.9020037651062012,1,2224.32,806.3450000000001,4658.4,4159.995,1
korf_20230917_0000966_jpg.rf.23a056dd5d0924e25f039a14f4c30563.jpg,1233.3302001953125,225.0048065185547,2745.461669921875,1728.3392333984375,0.8931461572647095,2,1225.3999999999999,234.18499999999995,2791.6,1760.255,2
90e80e12-0b76-46a1-990e-0a84cb4e86f3_jpg.rf.b4cb7eaec10c9045b5127a6e63fd5884.jpg,49.16954040527344,45.5780029296875,2250.0,3741.973876953125,0.7001205086708069,1,72.02500000000023,0.005000000000032756,2249.995,3714.6949999999997,1
90e80e12-0b76-46a1-990e-0a84cb4e86f3_jpg.rf.b4cb7eaec10c9045b5127a6e63fd5884.jpg,79.34846496582031,775.2211303710938,2250.0,3720.916015625,0.6481530666351318,2,72.02500000000023,0.005000000000032756,2249.995,3714.6949999999997,1
18aeaa2b-1c8f-4a01-b9a7-89d279a0e9b3_jpg.rf.48a462575ea7bcc24989b3c9baa66a02.jpg,5315.5712890625,4210.53759765625,7427.44580078125,7243.0009765625,0.9282931089401245,1,5228.09,4355.34,7471.570000000001,7333.360000000001,1
japf_20230605_225213_jpg.rf.2766b45c6b0b75c54ac7922fd148e9a4.jpg,1351.56591796875,1731.48046875,2226.44091796875,2568.635498046875,0.8561537265777588,1,1361.875,1706.16,2315.445,2559.44,1
aegf_20230729_0000602_JPG.rf.83578293e767790d933b7fbd024a0d47.jpg,1215.812744140625,938.551025390625,2890.8642578125,3178.529052734375,0.9448142647743225,0,1141.63,923.6599999999999,2987.71,3223.1000000000004,0
korf_20230917_0000846_jpg.rf.9517a8f65bd0f410d68adedfe48f6930.jpg,300.6867980957031,558.8878784179688,2817.987060546875,2167.292236328125,0.9121807217597961,2,349.9600000000001,370.00500000000005,2937.0,2157.035,2
aegf_20230729_0000536_JPG.rf.ad828eeb9317ba165cef33de1dc6048f.jpg,3158.303466796875,905.87548828125,4696.05419921875,3442.412109375,0.9116842150688171,0,3166.2850000000003,875.0000000000001,4686.3550000000005,3432.0,0
9dac9ef4-9982-4e49-b515-afb033f6c744_jpg.rf.2855de7c45ae08dfee0adfc170b2c6a5.jpg,620.3032836914062,510.6065368652344,989.8755493164062,868.668701171875,0.9269261956214905,2,618.7999999999998,514.4,991.8,864.4000000000001,1
japm_20230610_193853_jpg.rf.b6bdd38ff8f8a87335c881cb445bc5b1.jpg,1843.3826904296875,573.5023193359375,2602.438720703125,1801.7418212890625,0.9399406313896179,1,1851.975,563.9,2609.1450000000004,1791.8600000000001,1
japm__0000212_JPG.rf.e36ecf7c89b2f2b194cc582c48a5e5f5.jpg,817.9163208007812,653.4563598632812,5480.9365234375,4160.0,0.8696165084838867,1,1035.9999999999998,745.9999999999999,5539.0,4160.0,1
f64ba36b-232d-4455-8e77-320198ffc80d_jpg.rf.aa2d8d625b90fa91876fd1ce511e6582.jpg,1097.9622802734375,1874.840576171875,1678.548828125,2872.892822265625,0.8968024849891663,1,1089.875,1878.575,1667.8049999999998,2848.005,1
korf_20230917_0000881_jpg.rf.9a804fee2034c6ee7952fd920ab1e5ae.jpg,1427.6370849609375,35.73741149902344,3109.571044921875,2102.079833984375,0.9489148855209351,2,1425.28,3.0000000000000693,3092.32,2084.34,2
88d107de-d1d4-4e0b-8882-f272870d6139_jpg.rf.255398a689ee619f291492c859f53735.jpg,306.3041687011719,962.4856567382812,529.1742553710938,1383.8687744140625,0.8782472014427185,1,327.18000000000006,1009.4100000000002,536.72,1390.93,1
japf_20230610_194508_jpg.rf.5dca51dd284f8ef5582fe9f90958848d.jpg,1523.8013916015625,1605.457275390625,2876.74365234375,2419.92333984375,0.9284259676933289,1,1530.1449999999998,1633.3,2869.2949999999996,2440.9200000000005,1
ae1900a9-daa3-4fb2-ac19-e9e11359029c_jpg.rf.de55265c66d1cfcca4b726142cbfbe1a.jpg,109.19638061523438,440.55206298828125,1024.0,1189.833740234375,0.9263350963592529,1,111.09999999999991,432.41499999999996,1024.0,1194.145,1
japf_20230605_225320_jpg.rf.9f7500f8ecc09232f0c110981f5366ca.jpg,1209.566162109375,1955.843017578125,1961.3399658203125,2710.66552734375,0.9306187033653259,1,1204.4350000000002,2014.1550000000002,1953.9450000000002,2702.1450000000004,1
83ada489-8b87-4837-90ed-2f161fbb4e85_jpg.rf.ac531b8b730b90932546b87a95c8323b.jpg,594.2283935546875,780.8861083984375,3000.0,3599.0166015625,0.8532444834709167,1,564.9999999999999,870.0100000000004,3000.0,3563.49,1
japm_20230607_130503_jpg.rf.f8f43106a49733a2fc7d38b424c2e4f2.jpg,2132.359619140625,725.586669921875,3492.0185546875,2247.390380859375,0.9650272130966187,1,2145.6549999999997,729.5200000000001,3492.8050000000007,2258.54,1
c81505cc-2e93-4971-8b0a-66f3246492cb_jpg.rf.d03ff9f072324a11cb4d8a0f462eb80d.jpg,188.8633270263672,2468.427001953125,2311.201171875,3576.330078125,0.7708178758621216,1,254.91500000000013,2472.62,2291.305,3562.9999999999995,1
aegm_20230729_0000680_JPG.rf.6245a2a808a4e0e3757c101833db7e5b.jpg,1970.913330078125,452.456787109375,6240.0,3309.5234375,0.6665464043617249,0,2001.3799999999994,470.84000000000015,6240.0,2883.72,0
61bd1d84-8fd1-4ed7-abed-853e803dd616_jpg.rf.b07522e6e004b445e29d1971d031896a.jpg,36.19569396972656,14.810335159301758,251.94073486328125,265.88568115234375,0.8112189769744873,1,0.004999999999988847,13.79000000000003,248.995,266.33,1
